{
  "epoch": [
    1,
    2,
    3,
    4,
    5,
    6,
    7,
    8,
    9,
    10
  ],
  "train_loss": [
    2.3333435148563026,
    2.2570860665799186,
    2.2287691334258586,
    1.9571302936761885,
    1.661359116716205,
    1.4639621853078686,
    1.1039288603784654,
    0.7158236123730801,
    0.4834885179246747,
    0.3231590124983458
  ],
  "train_acc": [
    0.09853249475890985,
    0.13836477987421383,
    0.1928721174004193,
    0.31027253668763105,
    0.46750524109014674,
    0.4863731656184486,
    0.6352201257861635,
    0.7610062893081762,
    0.8616352201257862,
    0.9035639412997903
  ],
  "val_loss": [
    2.3127151465997464,
    2.51235947957853,
    2.1630659820587654,
    2.2276590975319466,
    1.7430624855243093,
    1.637130582235693,
    1.4921697009869708,
    1.4862085367605937,
    1.705156132457702,
    1.5482806965587586
  ],
  "val_acc": [
    0.18699186991869918,
    0.10569105691056911,
    0.21138211382113822,
    0.2682926829268293,
    0.42276422764227645,
    0.43089430894308944,
    0.5040650406504065,
    0.5121951219512195,
    0.45528455284552843,
    0.5691056910569106
  ],
  "val_f1": [
    0.11035665428962282,
    0.0315994166261546,
    0.14259303498433934,
    0.19337274567537727,
    0.37342294708444257,
    0.3999702052333631,
    0.5060284931131982,
    0.4915361441179182,
    0.4235732848232848,
    0.5752872265166118
  ]
}