{
  "epoch": [
    1,
    2,
    3,
    4,
    5,
    6,
    7,
    8,
    9,
    10
  ],
  "train_loss": [
    1.9892191549517073,
    0.7796978291975377,
    0.29520420820708043,
    0.13365603036850504,
    0.08694477568320008,
    0.06004309213370772,
    0.04260893077814104,
    0.04596971039439647,
    0.02602752261996207,
    0.033085983402761525
  ],
  "train_acc": [
    0.3522012578616352,
    0.7337526205450734,
    0.9077568134171907,
    0.9538784067085954,
    0.9811320754716981,
    0.9811320754716981,
    0.989517819706499,
    0.9811320754716981,
    0.9937106918238994,
    0.989517819706499
  ],
  "val_loss": [
    1.2774486047465627,
    1.0502875171056607,
    1.4471411268885543,
    1.2312741017923123,
    1.018542641546668,
    1.4422967424237632,
    1.2177382542835018,
    1.1832370457610464,
    1.1558656605278574,
    1.4993264064556215
  ],
  "val_acc": [
    0.6016260162601627,
    0.6585365853658537,
    0.5772357723577236,
    0.6747967479674797,
    0.7317073170731707,
    0.6097560975609756,
    0.7154471544715447,
    0.6747967479674797,
    0.6991869918699187,
    0.6666666666666666
  ],
  "val_f1": [
    0.611370752140876,
    0.651769583073931,
    0.5589947754954452,
    0.6669712142982086,
    0.7218742630849078,
    0.6099965684469179,
    0.701646097396448,
    0.6709740604223363,
    0.6854827296845761,
    0.6409823107000527
  ]
}