{
  "epoch": [
    1,
    2,
    3,
    4,
    5,
    6,
    7,
    8,
    9,
    10
  ],
  "train_loss": [
    2.211993218717835,
    1.5025273294068981,
    0.8618146086138999,
    0.427817208899392,
    0.2614869584389953,
    0.11708735149798903,
    0.08916286874242299,
    0.0925999795568939,
    0.05732944043864744,
    0.09497386546692259
  ],
  "train_acc": [
    0.21174004192872117,
    0.549266247379455,
    0.7463312368972747,
    0.8972746331236897,
    0.939203354297694,
    0.9769392033542977,
    0.9832285115303984,
    0.9832285115303984,
    0.9853249475890985,
    0.9727463312368972
  ],
  "val_loss": [
    2.0214469045158325,
    1.4646939756424446,
    1.2060879769364024,
    1.0943491303823827,
    1.2717502892501955,
    1.1736819957329976,
    1.3140610020335128,
    1.3844298337533223,
    1.4951050543203586,
    1.5145743416576851
  ],
  "val_acc": [
    0.34959349593495936,
    0.5447154471544715,
    0.6666666666666666,
    0.6747967479674797,
    0.6585365853658537,
    0.6504065040650406,
    0.6585365853658537,
    0.6178861788617886,
    0.6341463414634146,
    0.6178861788617886
  ],
  "val_f1": [
    0.2798609096053918,
    0.5398255371920899,
    0.6579018855759092,
    0.664267314010918,
    0.6318865869935536,
    0.6433874367801437,
    0.6476503379661274,
    0.6286288349331828,
    0.6433591468917554,
    0.5951466627551166
  ]
}