{
  "epoch": [
    1,
    2,
    3,
    4,
    5,
    6,
    7,
    8,
    9,
    10
  ],
  "train_loss": [
    2.2966900561590613,
    0.8578731715054382,
    0.38272803465775224,
    0.16819778697045845,
    0.08652657451619641,
    0.05832929583559246,
    0.04867684466674518,
    0.02012041412426678,
    0.01847657221964945,
    0.008175942359542946
  ],
  "train_acc": [
    0.2389937106918239,
    0.7169811320754716,
    0.8972746331236897,
    0.960167714884696,
    0.9811320754716981,
    0.9874213836477987,
    0.9832285115303984,
    0.9937106918238994,
    0.9979035639412998,
    1.0
  ],
  "val_loss": [
    1.4520293105908526,
    1.2864101185062067,
    1.0674033523575077,
    1.0032866873392245,
    0.9190458577822863,
    1.0096247041128514,
    0.941392854461825,
    1.090218218361459,
    0.9726156713516732,
    0.9748804850306937
  ],
  "val_acc": [
    0.5121951219512195,
    0.5772357723577236,
    0.6666666666666666,
    0.7398373983739838,
    0.7642276422764228,
    0.7073170731707317,
    0.7723577235772358,
    0.6910569105691057,
    0.7317073170731707,
    0.7479674796747967
  ],
  "val_f1": [
    0.5048023653906006,
    0.56692389331099,
    0.6679749103942652,
    0.7333768279235019,
    0.7627163947163946,
    0.7121343516767672,
    0.7739734709734709,
    0.6884064663195097,
    0.7331916248557928,
    0.7492489185532663
  ]
}