{
  "epoch": [
    1,
    2,
    3,
    4,
    5,
    6,
    7,
    8,
    9,
    10
  ],
  "train_loss": [
    1.9766845202841579,
    1.0670059926111368,
    0.5147101668417092,
    0.2840925656087193,
    0.218603273147347,
    0.1750428282939582,
    0.16855885728271033,
    0.11111996869527585,
    0.08302504948303797,
    0.0697033694281553
  ],
  "train_acc": [
    0.2565762849048968,
    0.6410360178065561,
    0.8271954674220963,
    0.9109672197490895,
    0.9271549979765277,
    0.9397005261027924,
    0.9397005261027924,
    0.9672197490894374,
    0.9736948603804128,
    0.9785511938486443
  ],
  "val_loss": [
    1.4024580163340414,
    0.7798679547925149,
    0.5300558799697507,
    0.481026557953127,
    0.444485447291405,
    0.47641269929947394,
    0.5204099474414703,
    0.4601775775032659,
    0.45060442839899373,
    0.504870883880123
  ],
  "val_acc": [
    0.5016129032258064,
    0.7322580645161291,
    0.8193548387096774,
    0.8387096774193549,
    0.8596774193548387,
    0.85,
    0.8516129032258064,
    0.8596774193548387,
    0.8596774193548387,
    0.8661290322580645
  ],
  "val_f1": [
    0.3185338686895368,
    0.6317141128088344,
    0.7481528412997809,
    0.7749868477180908,
    0.8066875491882607,
    0.7781954152542772,
    0.8496486464951694,
    0.8384779435774886,
    0.8078629507472573,
    0.8261909564824501
  ]
}