{
  "epoch": [
    1,
    2,
    3,
    4,
    5,
    6,
    7,
    8,
    9,
    10
  ],
  "train_loss": [
    1.2944951534319484,
    0.4513791345816689,
    0.20861065106105342,
    0.14327963739814473,
    0.11654681110251823,
    0.09146698028488422,
    0.14362068420923563,
    0.07090081900466748,
    0.05056382505843534,
    0.06996620128282509
  ],
  "train_acc": [
    0.5669769324160259,
    0.849048968029138,
    0.9316066369890732,
    0.952650748684743,
    0.9595305544314043,
    0.9672197490894374,
    0.9506272764063133,
    0.9740995548360988,
    0.9821934439498179,
    0.9789558883043302
  ],
  "val_loss": [
    0.6113763490030842,
    0.4471522694633853,
    0.48079200175500686,
    0.4407752536958264,
    0.3874802968194408,
    0.5322994610955638,
    0.39763143466364953,
    0.3965436481660412,
    0.5594174146652222,
    0.4861421042873013
  ],
  "val_acc": [
    0.7887096774193548,
    0.8403225806451613,
    0.85,
    0.8741935483870967,
    0.8790322580645161,
    0.8548387096774194,
    0.8870967741935484,
    0.8887096774193548,
    0.853225806451613,
    0.8661290322580645
  ],
  "val_f1": [
    0.734158776471347,
    0.7842590835284476,
    0.8054303637532663,
    0.818679209983306,
    0.8469096569320138,
    0.8135282328690133,
    0.8347016474196793,
    0.831704586174765,
    0.828403241798609,
    0.8088853915452192
  ]
}