{
  "epoch": [
    1,
    2,
    3,
    4,
    5,
    6,
    7,
    8,
    9,
    10
  ],
  "train_loss": [
    1.6228232114530199,
    0.7174256731869478,
    0.3905952683541033,
    0.27693134903280614,
    0.1838817660629339,
    0.1359022273220354,
    0.13291366437532215,
    0.10026123398972976,
    0.10835340855781099,
    0.08987621907393539
  ],
  "train_acc": [
    0.4293808174828005,
    0.773371104815864,
    0.8818292189397006,
    0.9109672197490895,
    0.9405099150141643,
    0.9562929987859167,
    0.9587211655200324,
    0.9680291380008094,
    0.9656009712666936,
    0.972076082557669
  ],
  "val_loss": [
    0.9117451429367065,
    0.6036921262741088,
    0.5854962648883942,
    0.5288646886425633,
    0.5278260984728413,
    0.5851995356621281,
    0.5419646063158589,
    0.5277561156980453,
    0.529413527827109,
    0.517416347226789
  ],
  "val_acc": [
    0.6935483870967742,
    0.8145161290322581,
    0.8032258064516129,
    0.8338709677419355,
    0.832258064516129,
    0.8258064516129032,
    0.8451612903225807,
    0.8451612903225807,
    0.8419354838709677,
    0.8548387096774194
  ],
  "val_f1": [
    0.5883672729758318,
    0.7472900589780436,
    0.7366684687202437,
    0.7731588671426893,
    0.8134359441170215,
    0.809432762900675,
    0.7875585973965396,
    0.8069349641064475,
    0.7879498272833734,
    0.8151172897667835
  ]
}