{
  "epoch": [
    1,
    2,
    3,
    4,
    5,
    6,
    7,
    8,
    9,
    10
  ],
  "train_loss": [
    1.363310173642341,
    0.4930857385111839,
    0.28993217199618687,
    0.1715356459964002,
    0.09771044670522382,
    0.0910591717156646,
    0.08160082600899236,
    0.07710010139403532,
    0.08098226704852197,
    0.09823453267911869
  ],
  "train_acc": [
    0.5366248482395791,
    0.8324564953460137,
    0.9048968029138,
    0.943342776203966,
    0.9704573047349251,
    0.9724807770133549,
    0.9749089437474706,
    0.9757183326588426,
    0.9740995548360988,
    0.9656009712666936
  ],
  "val_loss": [
    0.6570143340095397,
    0.44090418854067404,
    0.3981261326420692,
    0.33285437034022425,
    0.3846979587308822,
    0.35768345094496207,
    0.4634952014492404,
    0.5043841746545608,
    0.5820673896420386,
    0.503312732711915
  ],
  "val_acc": [
    0.782258064516129,
    0.8370967741935483,
    0.8758064516129033,
    0.8887096774193548,
    0.885483870967742,
    0.8693548387096774,
    0.8661290322580645,
    0.8451612903225807,
    0.8370967741935483,
    0.867741935483871
  ],
  "val_f1": [
    0.6923768906559767,
    0.7753998394466873,
    0.8130241089232915,
    0.8404431605287884,
    0.8069936565728076,
    0.8304870296501443,
    0.8278198412572337,
    0.8094551055493084,
    0.8066974161566192,
    0.8031344822367565
  ]
}